date,cpu_usage,memory_usage
2025-07-25 11:07:30.652278,29.5,89.7
2025-07-25 11:07:35.652278,29.5,89.7
2025-07-25 11:07:40.652278,29.5,89.7
2025-07-25 11:07:45.652278,29.5,89.7
2025-07-25 11:07:50.652278,29.5,89.7
2025-07-25 11:07:55.652278,29.5,89.7
2025-07-25 11:08:00.652278,29.5,89.7
2025-07-25 11:08:05.652278,29.5,89.7
2025-07-25 11:08:10.652278,29.5,89.7
2025-07-25 11:08:15.652278,29.5,89.7
2025-07-25 11:08:20.652278,29.5,89.7
2025-07-25 11:08:25.652278,29.5,89.7
2025-07-25 11:08:30.652278,29.5,89.7
2025-07-25 11:08:35.652278,29.5,89.7
2025-07-25 11:08:40.652278,29.5,89.7
2025-07-25 11:08:45.652278,29.5,89.7
2025-07-25 11:08:50.652278,29.5,89.7
2025-07-25 11:08:55.652278,29.5,89.7
2025-07-25 11:09:00.652278,29.5,89.7
2025-07-25 11:09:05.652278,29.5,89.7
2025-07-25 11:09:10.652278,29.5,89.7
2025-07-25 11:09:15.652278,29.5,89.7
2025-07-25 11:09:20.652278,29.5,89.7
2025-07-25 11:09:25.652278,29.5,89.7
2025-07-25 11:09:30.652278,29.5,89.7
2025-07-25 11:09:35.652278,29.5,89.7
2025-07-25 11:09:40.652278,29.5,89.7
2025-07-25 11:09:45.652278,29.5,89.7
2025-07-25 11:09:50.652278,29.5,89.7
2025-07-25 11:09:55.652278,29.5,89.7
2025-07-25 11:10:00.652278,29.5,89.7
2025-07-25 11:10:05.652278,29.5,89.7
2025-07-25 11:10:10.652278,29.5,89.7
2025-07-25 11:10:15.652278,29.5,89.7
2025-07-25 11:10:20.652278,29.5,89.7
2025-07-25 11:10:25.652278,29.5,89.7
2025-07-25 11:10:30.652278,29.5,89.7
2025-07-25 11:10:35.652278,29.5,89.7
2025-07-25 11:10:40.652278,29.5,89.7
2025-07-25 11:10:45.652278,29.5,89.7
2025-07-25 11:10:50.652278,29.5,89.7
2025-07-25 11:10:55.652278,29.5,89.7
2025-07-25 11:11:00.652278,29.5,89.7
2025-07-25 11:11:05.652278,29.5,89.7
2025-07-25 11:11:10.652278,29.5,89.7
2025-07-25 11:11:15.652278,29.5,89.7
2025-07-25 11:11:20.652278,29.5,89.7
2025-07-25 11:11:25.652278,29.5,89.7
2025-07-25 11:11:30.652278,29.5,89.7
2025-07-25 11:11:35.652278,29.5,89.7
2025-07-25 11:11:40.652278,29.5,89.7
2025-07-25 11:11:45.652278,29.5,89.7
2025-07-25 11:11:50.652278,29.5,89.7
2025-07-25 11:11:55.652278,29.5,89.7
2025-07-25 11:12:00.652278,29.5,89.7
2025-07-25 11:12:05.652278,29.5,89.7
2025-07-25 11:12:10.652278,29.5,89.7
2025-07-25 11:12:15.652278,29.5,89.7
2025-07-25 11:12:20.652278,29.5,89.7
2025-07-25 11:12:25.652278,29.5,89.7
2025-07-25 11:22:46.962512,22.0,87.0
2025-07-25 11:22:51.962512,22.0,87.0
2025-07-25 11:22:56.962512,22.0,87.0
2025-07-25 11:23:01.962512,22.0,87.0
2025-07-25 11:23:06.962512,22.0,87.0
2025-07-25 11:23:11.962512,22.0,87.0
2025-07-25 11:23:16.962512,22.0,87.0
2025-07-25 11:23:21.962512,22.0,87.0
2025-07-25 11:23:26.962512,22.0,87.0
2025-07-25 11:23:31.962512,22.0,87.0
2025-07-25 11:23:36.962512,22.0,87.0
2025-07-25 11:23:41.962512,22.0,87.0
2025-07-25 11:23:46.962512,22.0,87.0
2025-07-25 11:23:51.962512,22.0,87.0
2025-07-25 11:23:56.962512,22.0,87.0
2025-07-25 11:24:01.962512,22.0,87.0
2025-07-25 11:24:06.962512,22.0,87.0
2025-07-25 11:24:11.962512,22.0,87.0
2025-07-25 11:24:16.962512,22.0,87.0
2025-07-25 11:24:21.962512,22.0,87.0
2025-07-25 11:24:26.962512,22.0,87.0
2025-07-25 11:24:31.962512,22.0,87.0
2025-07-25 11:24:36.962512,22.0,87.0
2025-07-25 11:24:41.962512,22.0,87.0
2025-07-25 11:24:46.962512,22.0,87.0
2025-07-25 11:24:51.962512,22.0,87.0
2025-07-25 11:24:56.962512,22.0,87.0
2025-07-25 11:25:01.962512,22.0,87.0
2025-07-25 11:25:06.962512,22.0,87.0
2025-07-25 11:25:11.962512,22.0,87.0
2025-07-25 11:25:16.962512,22.0,87.0
2025-07-25 11:25:21.962512,22.0,87.0
2025-07-25 11:25:26.962512,22.0,87.0
2025-07-25 11:25:31.962512,22.0,87.0
2025-07-25 11:25:36.962512,22.0,87.0
2025-07-25 11:25:41.962512,22.0,87.0
2025-07-25 11:25:46.962512,22.0,87.0
2025-07-25 11:25:51.962512,22.0,87.0
2025-07-25 11:25:56.962512,22.0,87.0
2025-07-25 11:26:01.962512,22.0,87.0
2025-07-25 11:26:06.962512,22.0,87.0
2025-07-25 11:26:11.962512,22.0,87.0
2025-07-25 11:26:16.962512,22.0,87.0
2025-07-25 11:26:21.962512,22.0,87.0
2025-07-25 11:26:26.962512,22.0,87.0
2025-07-25 11:26:31.962512,22.0,87.0
2025-07-25 11:26:36.962512,22.0,87.0
2025-07-25 11:26:41.962512,22.0,87.0
2025-07-25 11:26:46.962512,22.0,87.0
2025-07-25 11:26:51.962512,22.0,87.0
2025-07-25 11:26:56.962512,22.0,87.0
2025-07-25 11:27:01.962512,22.0,87.0
2025-07-25 11:27:06.962512,22.0,87.0
2025-07-25 11:27:11.962512,22.0,87.0
2025-07-25 11:27:16.962512,22.0,87.0
2025-07-25 11:27:21.962512,22.0,87.0
2025-07-25 11:27:26.962512,22.0,87.0
2025-07-25 11:27:31.962512,22.0,87.0
2025-07-25 11:27:36.962512,22.0,87.0
2025-07-25 11:27:41.962512,22.0,87.0
2025-07-25 11:35:20.284132,23.9,86.4
2025-07-25 11:35:25.291404,18.9,86.1
2025-07-25 11:35:30.302610,18.9,86.4
2025-07-25 11:35:35.304867,15.9,85.9
2025-07-25 11:35:40.321375,17.0,86.1
2025-07-25 11:35:45.331071,19.3,85.7
2025-07-25 11:35:50.342419,19.1,86.8
2025-07-25 11:35:55.355367,25.9,84.1
2025-07-25 11:36:00.362485,22.5,84.6
2025-07-25 11:36:05.364937,16.8,84.3
2025-07-25 11:36:10.376300,25.7,84.3
2025-07-25 11:36:15.382447,30.7,83.9
2025-07-25 11:36:20.387622,15.3,83.9
2025-07-25 11:36:25.396475,47.6,84.0
2025-07-25 11:36:30.402615,31.1,84.6
2025-07-25 11:36:35.408454,32.0,84.6
2025-07-25 11:36:40.409319,20.1,84.8
2025-07-25 11:36:45.418849,15.0,85.0
2025-07-25 11:36:50.422617,16.7,84.9
2025-07-25 11:36:55.425828,18.1,85.0
2025-07-25 11:37:00.433597,15.3,85.1
2025-07-25 11:37:05.438584,19.5,85.1
2025-07-25 11:37:10.441166,15.1,85.5
2025-07-25 11:37:15.450600,13.1,84.6
2025-07-25 11:37:20.454409,17.5,83.7
2025-07-25 11:37:25.457563,14.0,82.9
2025-07-25 11:37:30.461598,17.6,82.3
2025-07-25 11:37:35.471967,16.8,82.3
2025-07-25 11:37:40.480412,15.4,82.4
2025-07-25 11:37:45.482037,17.9,82.4
2025-07-25 11:37:50.491123,16.5,82.4
2025-07-25 11:37:55.497966,14.1,82.4
2025-07-25 11:38:00.500470,19.9,82.0
2025-07-25 11:38:05.510907,15.1,82.0
2025-07-25 11:38:10.515294,15.7,82.1
2025-07-25 11:38:15.520652,18.3,82.0
2025-07-25 11:38:20.524685,17.8,82.3
2025-07-25 11:38:25.530774,17.7,82.3
2025-07-25 11:38:30.538754,18.0,82.2
2025-07-25 11:38:35.541611,14.8,82.4
2025-07-25 11:38:40.547060,16.7,82.2
2025-07-25 11:38:45.553417,15.9,82.3
2025-07-25 11:38:50.559518,17.1,82.5
2025-07-25 11:38:55.560315,18.5,82.3
2025-07-25 11:39:00.567182,16.0,82.5
2025-07-25 11:39:05.575753,18.4,82.5
2025-07-25 11:39:10.582288,18.0,82.6
2025-07-25 11:39:15.585258,15.5,82.6
2025-07-25 11:39:20.594145,17.0,84.3
2025-07-25 11:39:25.597569,16.2,84.2
2025-07-25 11:39:30.604743,18.8,84.0
2025-07-25 11:39:35.610822,20.3,83.8
2025-07-25 11:39:40.619506,16.0,84.0
2025-07-25 11:39:45.620895,26.2,85.5
2025-07-25 11:39:50.628423,20.6,85.4
2025-07-25 11:39:55.640399,16.1,85.3
2025-07-25 11:40:00.649125,20.8,84.9
2025-07-25 11:40:05.660288,17.7,84.8
2025-07-25 11:40:10.662457,25.0,85.4
2025-07-25 11:40:15.675137,20.3,84.8
2025-07-25 11:43:09.678451,23.3,86.7
2025-07-25 11:43:14.681609,15.3,86.6
2025-07-25 11:43:19.691855,19.8,86.5
2025-07-25 11:43:24.700325,19.7,86.5
2025-07-25 11:43:29.701777,20.0,86.5
2025-07-25 11:43:34.708221,18.4,86.5
2025-07-25 11:43:39.717989,15.4,86.5
2025-07-25 11:43:44.724054,27.3,86.7
2025-07-25 11:43:49.731968,27.0,87.1
2025-07-25 11:43:54.740605,23.7,85.5
2025-07-25 11:43:59.750521,26.8,85.6
2025-07-25 11:44:04.753947,16.3,85.4
2025-07-25 11:44:09.766315,19.6,85.3
2025-07-25 11:44:14.779039,19.5,85.8
2025-07-25 11:44:19.782318,29.7,85.9
2025-07-25 11:44:24.798499,23.4,85.7
2025-07-25 11:44:29.810861,23.8,85.4
2025-07-25 11:44:34.824926,19.6,85.6
2025-07-25 11:44:39.830512,22.2,85.8
2025-07-25 11:44:44.836498,24.8,85.6
2025-07-25 11:44:49.843168,25.4,86.0
2025-07-25 11:44:54.849795,23.9,86.1
2025-07-25 11:44:59.851467,14.6,86.0
2025-07-25 11:45:04.866327,19.8,86.5
2025-07-25 11:45:09.873776,25.6,86.4
2025-07-25 11:45:14.875083,18.7,86.7
2025-07-25 11:45:19.888568,59.5,91.4
2025-07-25 11:45:24.895191,56.1,91.5
2025-07-25 11:45:29.898091,27.2,91.0
2025-07-25 11:45:34.907571,28.3,91.7
2025-07-25 11:45:39.912590,15.6,91.6
2025-07-25 11:45:44.921484,20.7,91.8
2025-07-25 11:45:49.925030,31.4,90.8
2025-07-25 11:45:54.932874,17.5,90.6
2025-07-25 11:45:59.941552,25.1,89.7
2025-07-25 11:46:04.947352,20.5,90.1
2025-07-25 11:46:09.950157,20.7,90.4
2025-07-25 11:46:14.962690,51.4,87.0
2025-07-25 11:46:19.968104,20.0,82.6
2025-07-25 11:46:24.972112,25.3,82.7
2025-07-25 11:46:29.980784,23.9,82.8
2025-07-25 11:46:34.985338,24.5,83.8
2025-07-25 11:46:39.989758,37.8,86.5
2025-07-25 11:46:45.001694,18.0,85.2
2025-07-25 11:46:50.005144,38.2,85.1
2025-07-25 11:46:55.012844,26.3,85.1
2025-07-25 11:47:00.019041,31.5,85.1
2025-07-25 11:47:05.025253,28.0,85.1
2025-07-25 11:47:10.032801,30.5,85.4
2025-07-25 11:47:15.039121,26.5,84.9
2025-07-25 11:47:20.045108,25.7,85.1
2025-07-25 11:47:25.049921,30.4,85.2
2025-07-25 11:47:30.055292,29.3,85.5
2025-07-25 11:47:35.061910,39.6,87.5
2025-07-25 11:47:40.075428,38.0,88.2
2025-07-25 11:47:45.082994,28.7,88.1
2025-07-25 11:47:50.085496,36.2,88.7
2025-07-25 11:47:55.111497,39.1,88.7
2025-07-25 11:48:00.116216,28.7,88.8
2025-07-25 11:48:05.122391,31.5,87.1
2025-07-25 11:58:24.072830,8.5,87.4
2025-07-25 11:58:29.077955,13.4,87.0
2025-07-25 11:58:34.090182,8.0,87.0
2025-07-25 11:58:39.098896,12.2,87.0
2025-07-25 11:58:44.106102,11.0,87.1
2025-07-25 11:58:49.110481,19.6,88.0
2025-07-25 11:58:54.119882,18.5,89.2
2025-07-25 11:58:59.130582,10.2,89.8
2025-07-25 11:59:04.139084,10.3,89.6
2025-07-25 11:59:09.146034,8.2,89.5
2025-07-25 11:59:14.156420,9.3,89.5
2025-07-25 11:59:19.162100,7.8,89.6
2025-07-25 11:59:24.166220,14.0,89.6
2025-07-25 11:59:29.175312,8.1,89.6
2025-07-25 11:59:34.189896,13.7,89.5
2025-07-25 11:59:39.196074,4.8,89.4
2025-07-25 11:59:44.208544,12.6,89.6
2025-07-25 11:59:49.216000,10.7,89.8
2025-07-25 11:59:54.228222,8.5,89.8
2025-07-25 11:59:59.233204,15.3,89.7
2025-07-25 12:00:04.239718,19.9,90.0
2025-07-25 12:00:09.247186,12.9,89.9
2025-07-25 12:00:14.253431,33.1,90.5
2025-07-25 12:00:19.265876,21.4,90.7
2025-07-25 12:00:24.271416,19.0,90.8
2025-07-25 12:00:29.285825,20.7,91.1
2025-07-25 12:00:34.286992,27.5,88.9
2025-07-25 12:00:39.295930,26.0,88.6
2025-07-25 12:00:44.305983,17.2,88.6
2025-07-25 12:00:49.307679,19.6,88.8
2025-07-25 12:00:54.317313,24.1,88.9
2025-07-25 12:00:59.324271,28.6,90.4
2025-07-25 12:01:04.335866,24.8,91.6
2025-07-25 12:01:09.346068,35.4,92.4
2025-07-25 12:01:14.357998,38.5,93.1
2025-07-25 12:01:19.368567,9.1,82.4
2025-07-25 12:01:24.376306,6.6,82.4
2025-07-25 12:01:29.378010,7.4,82.3
2025-07-25 12:01:34.393719,10.0,81.9
2025-07-25 12:01:39.401550,20.2,82.1
2025-07-25 12:01:44.410977,9.5,82.2
2025-07-25 12:01:49.420549,17.7,82.5
2025-07-25 12:01:54.425919,13.2,82.4
2025-07-25 12:01:59.435678,22.3,82.3
2025-07-25 12:02:04.439966,13.8,82.6
2025-07-25 12:02:09.446447,12.5,82.6
2025-07-25 12:02:14.460010,13.9,83.0
2025-07-25 12:02:19.466323,9.2,82.3
2025-07-25 12:02:24.469720,14.5,82.2
2025-07-25 12:02:29.476444,19.0,83.2
2025-07-25 12:02:34.486088,12.4,83.7
2025-07-25 12:02:39.493085,18.8,83.8
2025-07-25 12:02:44.496172,7.9,83.7
2025-07-25 12:02:49.506335,8.1,83.6
2025-07-25 12:02:54.519035,7.6,83.6
2025-07-25 12:02:59.528221,6.0,83.8
2025-07-25 12:03:04.530930,11.9,84.1
2025-07-25 12:03:09.537925,16.7,86.0
2025-07-25 12:03:14.550608,12.2,85.9
2025-07-25 12:03:19.560536,18.1,85.9
2025-07-25 12:05:36.262659,15.3,88.1
2025-07-25 12:05:41.272127,11.6,87.9
2025-07-25 12:05:46.279059,15.6,86.7
2025-07-25 12:05:51.288945,18.0,87.4
2025-07-25 12:05:56.299350,19.9,87.5
2025-07-25 12:06:01.308504,22.2,88.8
2025-07-25 12:06:06.318138,23.8,90.3
2025-07-25 12:06:11.327044,24.9,91.1
2025-07-25 12:06:16.339257,23.4,91.7
2025-07-25 12:06:21.346395,11.8,86.9
2025-07-25 12:06:26.353918,14.1,87.0
2025-07-25 12:06:31.360190,15.3,87.3
2025-07-25 12:06:36.371090,11.0,85.1
2025-07-25 12:06:41.376525,24.7,85.1
2025-07-25 12:06:46.386443,10.1,85.2
2025-07-25 12:06:51.393935,9.7,85.2
2025-07-25 12:06:56.397247,9.4,85.4
2025-07-25 12:07:01.408092,8.4,85.3
2025-07-25 12:07:06.425178,10.9,85.4
2025-07-25 12:07:11.439385,14.1,86.5
2025-07-25 12:07:16.445964,5.2,86.0
2025-07-25 12:07:21.450451,13.1,86.0
2025-07-25 12:07:26.456720,17.7,85.7
2025-07-25 12:07:31.470819,12.8,85.3
2025-07-25 12:07:36.478832,8.1,85.3
2025-07-25 12:07:41.486627,10.4,85.5
2025-07-25 12:07:46.496834,5.1,85.4
2025-07-25 12:07:51.508957,12.4,85.3
2025-07-25 12:07:56.517875,6.9,85.4
2025-07-25 12:08:01.528673,8.1,85.6
2025-07-25 12:08:06.536619,9.2,85.7
2025-07-25 12:08:11.546578,6.6,85.7
2025-07-25 12:08:16.554169,9.7,85.4
2025-07-25 12:08:21.563555,9.6,85.4
2025-07-25 12:08:26.567479,13.1,85.4
2025-07-25 12:08:31.578484,11.2,85.4
2025-07-25 12:08:36.587644,9.3,85.4
2025-07-25 12:08:41.596223,6.3,85.4
2025-07-25 12:08:46.603460,7.4,85.4
2025-07-25 12:08:51.614250,9.1,85.5
2025-07-25 12:08:56.625932,11.3,85.6
2025-07-25 12:09:01.632902,8.4,85.7
2025-07-25 12:09:06.639649,8.7,85.8
2025-07-25 12:09:11.651392,10.5,85.7
2025-07-25 12:09:16.660798,8.0,84.1
2025-07-25 12:09:21.666630,10.8,84.0
2025-07-25 12:09:26.674791,15.7,84.0
2025-07-25 12:09:31.686841,8.4,83.7
2025-07-25 12:09:36.696891,8.4,83.7
2025-07-25 12:09:41.700670,8.3,83.8
2025-07-25 12:09:46.713341,8.8,83.9
2025-07-25 12:09:51.719885,11.0,84.1
2025-07-25 12:09:56.730439,6.6,84.0
2025-07-25 12:10:01.737448,10.8,84.1
2025-07-25 12:10:06.745893,7.2,84.1
2025-07-25 12:10:11.753395,7.8,84.1
2025-07-25 12:10:16.764260,12.3,84.3
2025-07-25 12:10:21.781001,64.1,86.5
2025-07-25 12:10:26.786328,31.9,87.1
2025-07-25 12:10:31.790708,11.3,87.4
2025-07-25 12:14:05.746727,11.4,92.3
2025-07-25 12:14:10.754412,4.7,92.2
2025-07-25 12:14:15.759346,5.2,92.5
2025-07-25 12:14:20.765779,5.6,93.3
2025-07-25 12:14:25.773565,7.6,93.3
2025-07-25 12:14:30.780136,4.8,92.9
2025-07-25 12:14:35.786818,6.0,92.9
2025-07-25 12:14:40.793717,8.0,93.1
2025-07-25 12:14:45.801358,6.2,93.1
2025-07-25 12:14:50.806849,5.6,93.0
2025-07-25 12:14:55.813739,3.7,93.0
2025-07-25 12:15:00.819742,5.6,93.0
2025-07-25 12:15:05.826799,12.9,93.0
2025-07-25 12:15:10.833067,4.9,93.0
2025-07-25 12:15:15.840200,5.1,93.0
2025-07-25 12:15:20.845864,6.1,93.1
2025-07-25 12:15:25.852641,9.2,91.7
2025-07-25 12:15:30.860785,7.4,89.5
2025-07-25 12:15:35.867012,7.0,89.5
2025-07-25 12:15:40.873130,5.2,89.5
2025-07-25 12:15:45.880283,7.6,89.8
2025-07-25 12:15:50.886993,8.1,90.0
2025-07-25 12:15:55.895542,6.0,90.0
2025-07-25 12:16:00.900972,6.2,90.1
2025-07-25 12:16:05.907317,7.4,90.0
2025-07-25 12:16:10.915332,11.8,90.2
2025-07-25 12:16:15.922774,5.6,90.7
2025-07-25 12:16:20.929207,13.7,84.4
2025-07-25 12:16:25.937524,6.0,84.5
2025-07-25 12:16:30.944465,5.8,84.5
2025-07-25 12:16:35.951250,7.9,84.5
2025-07-25 12:16:40.958357,6.4,84.5
2025-07-25 12:16:45.965725,4.9,84.4
2025-07-25 12:16:50.972519,4.3,84.4
2025-07-25 12:16:55.980268,7.0,84.4
2025-07-25 12:17:00.985503,5.2,84.7
2025-07-25 12:17:05.992425,5.3,84.7
2025-07-25 12:17:11.000014,8.4,84.8
2025-07-25 12:17:16.007077,7.8,84.5
2025-07-25 12:17:21.012726,4.6,84.6
2025-07-25 12:17:26.017222,4.7,85.1
2025-07-25 12:17:31.024692,7.1,85.1
2025-07-25 12:17:36.031382,7.0,85.1
2025-07-25 12:17:41.037509,9.8,85.1
2025-07-25 12:17:46.044424,4.3,85.1
2025-07-25 12:17:51.051487,4.1,85.1
2025-07-25 12:17:56.057490,7.5,85.1
2025-07-25 12:18:01.064745,3.9,85.1
2025-07-25 12:18:06.072065,7.0,85.2
2025-07-25 12:18:11.077004,5.0,85.2
2025-07-25 12:18:16.080510,19.1,87.4
2025-07-25 12:18:21.088353,5.2,85.0
2025-07-25 12:18:26.099669,17.8,85.4
2025-07-25 12:18:31.107442,7.6,85.3
2025-07-25 12:18:36.113152,4.8,84.7
2025-07-25 12:18:41.120196,6.6,84.0
2025-07-25 12:18:46.127283,7.6,84.0
2025-07-25 12:18:51.133201,3.7,84.1
2025-07-25 12:18:56.141731,5.6,84.1
2025-07-25 12:19:01.147302,5.4,84.2
2025-07-25 12:23:32.672731,36.5,92.4
2025-07-25 12:23:34.679666,41.1,92.1
2025-07-25 12:23:36.690064,40.5,92.2
2025-07-25 12:23:38.703430,24.3,92.1
2025-07-25 12:23:40.711595,6.4,91.1
2025-07-25 12:23:42.719478,10.0,90.4
2025-07-25 12:23:44.726218,10.2,90.3
2025-07-25 12:23:46.734125,11.0,90.3
2025-07-25 12:23:48.740445,12.1,90.3
2025-07-25 12:23:50.747805,8.3,90.4
2025-07-25 12:23:52.756215,5.4,90.4
2025-07-25 12:23:54.763870,9.0,90.3
2025-07-25 12:23:56.771541,5.4,90.3
2025-07-25 12:23:58.780148,12.2,90.1
2025-07-25 12:24:00.787753,4.9,90.2
2025-07-25 12:24:02.796659,5.8,90.2
2025-07-25 12:24:04.803501,4.3,90.2
2025-07-25 12:24:06.812015,7.7,90.2
2025-07-25 12:24:08.820039,5.2,90.2
2025-07-25 12:24:10.829402,6.5,90.2
2025-07-25 12:24:12.837631,5.7,90.2
2025-07-25 12:24:14.845083,4.9,90.2
2025-07-25 12:24:16.852798,7.6,90.2
2025-07-25 12:24:18.861824,7.5,90.3
2025-07-25 12:24:20.868897,6.8,90.2
2025-07-25 12:24:22.877381,8.0,90.2
2025-07-25 12:24:24.884718,6.8,90.2
2025-07-25 12:24:26.893140,12.1,90.3
2025-07-25 12:24:28.901421,7.4,90.3
2025-07-25 12:24:30.909841,7.2,90.3
2025-07-25 12:24:32.917472,9.3,90.3
2025-07-25 12:24:34.926057,7.2,90.3
2025-07-25 12:24:36.934002,12.0,90.3
2025-07-25 12:24:38.943039,10.0,90.3
2025-07-25 12:24:40.951274,14.6,90.4
2025-07-25 12:24:42.960206,6.6,90.4
2025-07-25 12:24:44.968063,4.7,90.4
2025-07-25 12:24:46.976239,7.7,90.5
2025-07-25 12:24:48.982991,13.7,90.5
2025-07-25 12:24:50.991412,5.8,90.6
2025-07-25 12:24:53.000165,7.5,90.6
2025-07-25 12:24:55.008648,4.7,90.6
2025-07-25 12:24:57.016241,6.8,90.6
2025-07-25 12:24:59.024478,6.4,90.6
2025-07-25 12:25:01.032458,6.2,90.6
2025-07-25 12:25:03.040762,5.0,90.7
2025-07-25 12:25:05.047849,4.5,90.7
2025-07-25 12:25:07.056099,4.5,90.7
2025-07-25 12:25:09.063772,6.5,90.4
2025-07-25 12:25:11.072721,5.2,90.4
2025-07-25 12:25:13.080829,8.6,90.4
2025-07-25 12:25:15.088853,6.4,90.5
2025-07-25 12:25:17.096812,7.3,90.5
2025-07-25 12:25:19.105224,6.4,90.5
2025-07-25 12:25:21.112614,10.9,90.5
2025-07-25 12:25:23.121648,18.7,91.0
2025-07-25 12:25:25.129081,7.3,88.9
2025-07-25 12:25:27.137357,11.7,88.9
2025-07-25 12:25:29.145215,8.0,88.9
2025-07-25 12:25:31.153412,10.5,88.9
2025-07-25 12:37:58.203821,36.1,87.2
2025-07-25 12:38:03.213656,6.8,87.0
2025-07-25 12:38:08.220892,10.8,86.9
2025-07-25 12:38:13.228312,9.4,86.7
2025-07-25 12:38:18.236751,5.2,86.6
2025-07-25 12:38:23.245994,6.4,86.6
2025-07-25 12:38:28.254266,13.9,86.6
2025-07-25 12:38:33.263051,6.2,85.8
2025-07-25 12:38:38.270759,8.0,85.8
2025-07-25 12:38:43.280142,6.2,85.8
2025-07-25 12:38:48.288129,8.7,85.8
2025-07-25 12:38:53.296392,5.8,85.9
2025-07-25 12:38:58.304766,7.0,85.9
2025-07-25 12:39:03.313150,6.4,85.9
2025-07-25 12:39:08.322377,11.6,86.2
2025-07-25 12:39:13.331702,9.8,86.2
2025-07-25 12:39:18.338362,20.5,87.0
2025-07-25 12:39:23.343983,19.8,87.6
2025-07-25 12:39:28.350982,10.5,87.3
2025-07-25 12:39:33.361677,6.9,87.0
2025-07-25 12:39:38.370124,9.3,86.8
2025-07-25 12:39:43.376840,6.7,86.6
2025-07-25 12:39:48.386733,11.6,86.9
2025-07-25 12:39:53.399868,8.0,87.5
2025-07-25 12:43:12.975177,12.2,91.6
2025-07-25 12:43:17.982550,8.2,91.3
2025-07-25 12:43:22.991428,9.0,91.4
2025-07-25 12:43:27.997812,12.6,90.8
2025-07-25 12:43:33.006041,8.5,90.8
2025-07-25 12:43:38.012437,10.7,90.8
2025-07-25 12:43:43.020137,18.1,90.8
2025-07-25 12:43:48.027556,17.1,91.1
2025-07-25 12:43:53.033304,6.4,91.2
2025-07-25 12:43:58.039566,9.5,91.1
2025-07-25 12:44:03.045957,10.8,91.2
2025-07-25 12:44:08.052451,9.3,91.2
2025-07-25 12:44:13.059611,6.8,91.2
2025-07-25 12:44:18.064897,6.0,91.2
2025-07-25 12:44:23.072565,9.5,91.2
2025-07-25 12:44:28.081064,7.9,91.1
2025-07-25 12:44:33.088038,9.7,91.1
2025-07-25 12:44:38.096291,9.6,91.1
2025-07-25 12:44:43.104496,6.2,91.3
2025-07-25 12:44:48.110516,6.2,91.3
2025-07-25 12:44:53.116465,8.1,90.3
2025-07-25 12:44:58.121457,8.5,90.3
2025-07-25 12:45:03.126280,13.4,90.5
2025-07-25 12:45:08.133457,6.6,90.5
2025-07-25 12:47:29.971374,10.5,87.6
2025-07-25 12:47:34.979294,18.3,90.4
2025-07-25 12:47:39.983474,10.4,90.6
2025-07-25 12:47:44.991134,12.1,90.6
2025-07-25 12:47:49.998341,10.4,90.6
2025-07-25 12:47:55.004549,8.3,90.7
2025-07-25 12:48:00.010636,8.7,90.7
2025-07-25 12:48:05.018007,4.7,90.4
2025-07-25 12:48:10.024569,8.3,90.2
2025-07-25 12:48:15.031412,6.2,90.2
2025-07-25 12:48:20.037799,5.8,90.2
2025-07-25 12:48:25.046471,9.5,90.3
2025-07-25 12:48:30.053900,10.5,90.2
2025-07-25 12:48:35.061636,10.0,90.2
2025-07-25 12:48:40.068402,9.2,90.3
2025-07-25 12:48:45.073509,7.4,90.3
2025-07-25 12:48:50.080180,14.0,90.4
2025-07-25 12:48:55.086727,7.8,90.4
2025-07-25 12:49:00.094082,12.2,90.8
2025-07-25 12:49:05.101395,6.4,90.8
2025-07-25 12:49:10.107951,6.2,90.9
2025-07-25 12:49:15.116191,9.7,90.9
2025-07-25 12:49:20.123288,7.5,90.9
2025-07-25 12:49:25.129953,7.9,91.0
2025-07-25 12:52:32.709824,18.4,87.7
2025-07-25 12:52:37.721408,17.5,87.7
2025-07-25 12:52:42.732763,12.3,88.1
2025-07-25 12:52:47.742040,13.8,87.5
2025-07-25 12:52:52.756564,11.8,87.8
2025-07-25 12:52:57.762958,12.5,87.5
2025-07-25 12:53:02.776673,10.9,87.3
2025-07-25 12:53:07.779949,14.5,87.5
2025-07-25 12:53:12.796760,24.3,87.4
2025-07-25 12:53:17.807880,12.5,87.4
2025-07-25 12:53:22.816704,13.9,87.3
2025-07-25 12:53:27.822650,30.9,87.3
2025-07-25 12:53:32.836925,10.4,87.0
2025-07-25 12:53:37.841325,10.9,86.8
2025-07-25 12:53:42.853914,12.2,86.8
2025-07-25 12:53:47.863786,13.0,86.7
2025-07-25 12:53:52.874488,11.8,87.3
2025-07-25 12:53:57.879616,31.9,86.4
2025-07-25 12:54:02.890674,13.7,86.2
2025-07-25 12:54:07.906503,11.2,86.2
2025-07-25 12:54:12.916295,12.4,86.3
2025-07-25 12:54:17.927611,10.8,86.3
2025-07-25 12:54:22.931616,12.5,86.4
2025-07-25 12:54:27.944332,17.1,86.4
2025-07-25 12:55:26.814326,16.4,87.9
2025-07-25 12:55:31.823382,14.9,87.9
2025-07-25 12:55:36.835892,9.5,87.7
2025-07-25 12:55:41.849955,14.5,87.5
2025-07-25 12:55:46.857418,10.6,87.3
2025-07-25 12:55:51.876167,14.2,88.0
2025-07-25 12:55:56.889768,12.0,88.0
2025-07-25 12:56:01.899010,11.8,87.3
2025-07-25 12:56:06.905272,11.7,87.1
2025-07-25 12:56:11.913998,15.5,87.7
2025-07-25 12:56:16.920272,12.0,88.3
2025-07-25 12:56:21.929987,23.5,87.6
2025-07-25 12:56:26.949550,21.2,85.4
2025-07-25 12:56:31.956101,13.2,85.4
2025-07-25 12:56:36.965376,12.2,85.4
2025-07-25 12:56:41.972798,14.0,85.4
2025-07-25 12:56:46.981706,11.3,85.4
2025-07-25 12:56:51.992996,15.7,85.5
2025-07-25 12:56:57.002899,10.8,85.4
2025-07-25 12:57:02.013347,15.1,85.4
2025-07-25 12:57:07.022556,10.8,85.4
2025-07-25 12:57:12.034240,13.9,85.4
2025-07-25 12:57:17.043697,13.0,85.0
2025-07-25 12:57:22.050074,14.8,85.0
2025-07-25 13:04:12.121570,25.0,90.4
2025-07-25 13:04:17.131625,14.8,91.4
2025-07-25 13:04:22.152465,16.4,91.1
2025-07-25 13:04:27.161323,19.7,91.3
2025-07-25 13:04:32.175012,14.3,91.1
2025-07-25 13:04:37.182271,12.3,91.1
2025-07-25 13:04:42.192233,19.0,91.5
2025-07-25 13:04:47.202398,19.6,91.5
2025-07-25 13:04:52.213534,19.7,91.9
2025-07-25 13:04:57.222352,11.7,91.6
2025-07-25 13:05:02.225527,13.9,91.6
2025-07-25 13:05:07.235771,19.6,92.0
2025-07-25 13:05:12.240253,27.3,92.0
2025-07-25 13:05:17.252286,9.7,91.8
2025-07-25 13:05:22.260544,15.2,91.5
2025-07-25 13:05:27.270119,20.5,91.4
2025-07-25 13:05:32.284210,10.8,91.5
2025-07-25 13:05:37.292823,20.3,92.3
2025-07-25 13:05:42.303069,16.5,91.6
2025-07-25 13:05:47.313188,21.7,91.7
2025-07-25 13:05:52.320540,14.5,91.8
2025-07-25 13:05:57.332275,14.6,91.8
2025-07-25 13:06:02.340916,16.0,91.7
2025-07-25 13:06:07.354489,14.6,91.7
2025-07-25 13:07:41.044274,34.2,88.5
2025-07-25 13:07:46.053069,32.2,88.6
2025-07-25 13:07:51.063333,29.7,87.8
2025-07-25 13:07:56.072191,30.3,87.3
2025-07-25 13:08:01.084054,45.3,87.8
2025-07-25 13:08:06.090679,14.1,88.0
2025-07-25 13:08:11.100572,23.0,88.5
2025-07-25 13:08:16.117047,10.4,88.0
2025-07-25 13:08:21.130366,14.3,88.6
2025-07-25 13:08:26.140410,11.6,88.0
2025-07-25 13:08:31.152916,10.3,87.6
2025-07-25 13:08:36.160432,9.9,87.4
2025-07-25 13:08:41.170378,10.0,87.2
2025-07-25 13:08:46.180364,7.7,87.0
2025-07-25 13:08:51.188009,11.7,87.1
2025-07-25 13:08:56.200405,14.2,87.4
2025-07-25 13:09:01.213819,9.8,87.3
2025-07-25 13:09:06.220321,9.5,87.4
2025-07-25 13:09:11.227702,13.3,87.3
2025-07-25 13:09:16.232568,12.1,87.3
2025-07-25 13:09:21.245695,11.4,87.3
2025-07-25 13:09:26.253611,13.8,87.3
2025-07-25 13:09:31.262917,11.0,86.8
2025-07-25 13:09:36.274574,10.3,86.9
2025-07-25 13:28:12.693578,12.0,87.5
2025-07-25 13:28:42.695526,9.3,87.5
2025-07-25 13:29:12.710047,11.3,87.3
2025-07-25 13:29:42.717750,19.8,86.6
2025-07-25 13:36:22.052208,66.3,92.3
2025-07-25 13:36:27.093714,28.2,92.6
2025-07-25 13:36:32.102230,15.1,92.5
2025-07-25 13:36:37.114346,13.7,85.0
2025-07-25 13:36:42.122293,14.0,85.2
2025-07-25 13:36:47.132433,13.4,85.0
2025-07-25 13:36:52.141965,26.3,87.3
2025-07-25 13:36:57.152377,16.1,86.2
2025-07-25 13:37:02.163493,14.5,86.5
2025-07-25 13:37:07.174652,13.7,86.7
2025-07-25 13:37:12.182378,13.6,87.0
2025-07-25 13:37:17.192221,12.4,86.8
2025-07-25 13:37:22.211960,14.3,86.8
2025-07-25 13:37:27.213234,15.7,86.9
2025-07-25 13:37:32.227416,14.1,86.9
2025-07-25 13:37:37.235253,13.0,86.9
2025-07-25 13:37:42.247242,14.1,87.2
2025-07-25 13:37:47.254997,18.2,87.3
2025-07-25 13:37:52.268884,12.4,85.9
2025-07-25 13:37:57.277822,18.0,85.9
2025-07-25 13:38:02.289624,20.7,86.6
2025-07-25 13:38:07.296237,14.8,86.6
2025-07-25 13:38:12.303244,12.5,86.7
2025-07-25 13:38:17.314558,17.4,86.7
2025-07-25 13:41:36.129013,62.0,83.8
2025-07-25 13:41:41.137833,21.6,84.7
2025-07-25 13:41:46.144727,23.8,84.8
2025-07-25 13:41:51.149882,22.5,84.9
2025-07-25 13:41:56.159781,28.6,85.8
2025-07-25 13:42:01.162534,29.7,85.1
2025-07-25 13:42:06.175970,12.6,85.1
2025-07-25 13:42:11.185440,14.5,85.1
2025-07-25 13:42:16.192529,14.6,84.6
2025-07-25 13:42:21.202294,16.4,84.4
2025-07-25 13:42:26.222403,15.0,84.5
2025-07-25 13:42:31.229458,14.5,84.7
2025-07-25 13:42:36.237811,14.7,84.7
2025-07-25 13:42:41.242556,15.3,84.6
2025-07-25 13:42:46.259275,11.9,84.6
2025-07-25 13:42:51.275379,16.0,84.8
2025-07-25 13:42:56.282245,13.7,84.4
2025-07-25 13:43:01.292379,13.3,84.5
2025-07-25 13:43:06.300404,13.3,84.4
2025-07-25 13:43:11.310186,12.7,84.5
2025-07-25 13:43:16.319363,14.7,84.6
2025-07-25 13:43:21.324265,13.1,84.6
2025-07-25 13:43:26.342302,11.5,84.6
2025-07-25 13:43:31.350231,13.8,84.6
2025-07-25 14:14:29.715661,19.5,91.2
2025-07-25 14:14:34.723774,12.9,91.0
2025-07-25 14:14:39.732154,8.3,91.0
2025-07-25 14:14:44.740735,13.8,91.1
2025-07-25 14:14:49.749359,7.8,91.1
2025-07-25 14:14:54.756242,10.7,90.6
2025-07-25 14:14:59.764127,9.5,90.5
2025-07-25 14:15:04.769384,14.0,90.4
2025-07-25 14:15:09.776857,15.9,90.6
2025-07-25 14:15:14.783716,9.3,90.4
2025-07-25 14:15:19.791549,9.6,89.1
2025-07-25 14:15:24.797890,10.3,89.1
2025-07-25 14:15:29.805958,14.7,89.6
2025-07-25 14:15:34.814425,10.1,89.8
2025-07-25 14:15:39.822285,13.9,90.4
2025-07-25 14:15:44.834114,14.6,91.8
2025-07-25 14:15:49.842248,13.2,93.1
2025-07-25 14:15:54.853922,12.0,92.9
2025-07-25 14:15:59.862629,9.7,93.1
2025-07-25 14:16:04.869085,11.3,93.0
2025-07-25 14:16:09.877967,16.3,93.1
2025-07-25 14:16:14.886396,10.6,93.8
2025-07-25 14:16:19.893280,26.3,90.4
2025-07-25 14:16:24.901403,11.3,83.1
2025-07-25 14:18:40.175957,17.9,93.4
2025-07-25 14:18:45.184382,20.8,93.1
2025-07-25 14:18:50.189563,9.5,92.8
2025-07-25 14:18:55.196710,10.8,92.7
2025-07-25 14:19:00.204509,8.3,92.6
2025-07-25 14:19:05.213708,14.0,92.3
2025-07-25 14:19:10.222615,12.2,92.2
2025-07-25 14:19:15.230281,11.0,92.2
2025-07-25 14:19:20.238170,12.1,92.4
2025-07-25 14:19:25.246371,10.1,92.6
2025-07-25 14:19:30.253357,10.8,92.8
2025-07-25 14:19:35.261784,10.8,92.7
2025-07-25 14:19:40.270846,14.7,92.8
2025-07-25 14:19:45.275922,12.9,93.3
2025-07-25 14:19:50.283008,13.6,93.7
2025-07-25 14:19:55.289664,9.3,93.9
2025-07-25 14:20:00.296925,11.1,85.6
2025-07-25 14:20:05.305789,10.7,86.3
2025-07-25 14:20:10.313564,18.8,86.3
2025-07-25 14:20:15.320484,18.1,86.8
2025-07-25 14:20:20.329049,12.9,86.9
2025-07-25 14:20:25.337255,10.0,86.9
2025-07-25 14:20:30.345643,12.0,87.8
2025-07-25 14:20:35.353701,10.4,85.9
2025-07-25 14:24:52.185533,52.8,92.9
2025-07-25 14:24:57.192550,10.4,92.5
2025-07-25 14:25:02.198913,9.1,92.0
2025-07-25 14:25:07.206204,9.5,91.8
2025-07-25 14:25:12.210602,14.1,93.3
2025-07-25 14:25:17.218701,9.5,88.5
2025-07-25 14:25:22.224850,9.1,88.3
2025-07-25 14:25:27.233188,17.8,88.4
2025-07-25 14:25:32.238586,9.5,88.4
2025-07-25 14:25:37.245165,11.5,88.6
2025-07-25 14:25:42.254701,15.3,88.7
2025-07-25 14:25:47.259488,14.4,89.2
2025-07-25 14:25:52.266395,16.1,89.4
2025-07-25 14:25:57.271786,34.0,89.7
2025-07-25 14:26:02.279340,12.6,89.8
2025-07-25 14:26:07.284863,27.3,90.3
2025-07-25 14:26:12.292028,18.9,90.7
2025-07-25 14:26:17.297298,15.3,91.8
2025-07-25 14:26:22.303448,52.4,85.0
2025-07-25 14:26:27.309783,15.2,85.1
2025-07-25 14:26:32.314316,23.1,87.4
2025-07-25 14:26:37.322456,17.3,86.5
2025-07-25 14:26:42.329580,14.0,86.9
2025-07-25 14:26:47.337574,29.3,87.1
2025-07-25 14:28:23.254154,14.3,90.4
2025-07-25 14:28:28.261936,16.8,91.0
2025-07-25 14:28:33.268768,11.4,90.6
2025-07-25 14:28:38.279672,11.7,90.6
2025-07-25 14:28:43.289049,8.9,91.0
2025-07-25 14:28:48.296601,7.6,91.1
2025-07-25 14:28:53.304071,10.0,91.2
2025-07-25 14:28:58.312092,9.5,91.3
2025-07-25 14:29:03.320705,7.0,91.3
2025-07-25 14:29:08.328845,8.9,91.2
2025-07-25 14:29:13.337909,6.6,91.3
2025-07-25 14:29:18.345807,13.6,91.2
2025-07-25 14:29:23.352956,13.0,91.4
2025-07-25 14:29:28.360852,24.0,91.7
2025-07-25 14:29:33.366044,14.3,91.6
2025-07-25 14:29:38.370822,11.3,91.9
2025-07-25 14:29:43.379705,24.9,91.5
2025-07-25 14:29:48.387783,39.7,90.8
2025-07-25 14:29:53.395765,18.5,91.1
2025-07-25 14:29:58.402485,12.9,90.0
2025-07-25 14:30:03.408760,13.6,90.4
2025-07-25 14:30:08.416138,10.6,90.5
2025-07-25 14:30:13.423721,12.4,90.4
2025-07-25 14:30:18.430589,15.7,90.9
2025-07-25 14:31:42.372695,25.0,87.0
2025-07-25 14:31:47.381575,15.5,89.6
2025-07-25 14:31:52.388999,8.2,88.4
2025-07-25 14:31:57.397073,43.9,92.2
2025-07-25 14:32:02.403256,15.5,92.0
2025-07-25 14:32:07.412700,15.6,91.7
2025-07-25 14:32:12.442169,22.4,92.1
2025-07-25 14:32:17.451060,8.7,91.4
2025-07-25 14:32:22.459891,8.3,90.4
2025-07-25 14:32:27.467486,8.8,90.4
2025-07-25 14:32:32.476682,6.1,90.5
2025-07-25 14:32:37.484141,13.6,90.7
2025-07-25 14:32:42.491550,9.1,90.4
2025-07-25 14:32:47.498968,17.3,90.6
2025-07-25 14:32:52.507006,13.4,89.7
2025-07-25 14:32:57.513486,11.5,89.8
2025-07-25 14:33:02.521227,14.0,91.8
2025-07-25 14:33:07.527884,20.0,92.0
2025-07-25 14:33:12.533486,17.4,92.6
2025-07-25 14:33:17.541243,21.7,92.6
2025-07-25 14:33:22.549055,10.1,92.5
2025-07-25 14:33:27.557997,9.5,90.3
2025-07-25 14:33:32.565730,12.2,90.5
2025-07-25 14:33:37.574963,10.2,90.5
2025-07-25 14:43:34.924036,17.6,87.4
2025-07-25 14:43:39.931804,15.8,87.8
2025-07-25 14:43:44.935804,17.1,87.3
2025-07-25 14:43:49.943024,8.0,87.3
2025-07-25 14:43:54.948083,13.0,87.3
2025-07-25 14:43:59.953876,16.5,87.3
2025-07-25 14:44:04.960323,17.0,87.9
2025-07-25 14:44:09.968363,19.3,87.9
2025-07-25 14:44:14.975938,9.1,87.8
2025-07-25 14:44:19.983948,9.1,87.7
2025-07-25 14:44:24.992713,9.9,87.6
2025-07-25 14:44:29.999463,7.4,87.4
2025-07-25 14:44:35.006434,8.8,87.4
2025-07-25 14:44:40.013496,10.1,87.5
2025-07-25 14:44:45.020974,9.8,87.5
2025-07-25 14:44:50.028041,14.2,86.7
2025-07-25 14:44:55.036101,13.9,86.6
2025-07-25 14:45:00.043323,14.1,86.7
2025-07-25 14:45:05.049966,8.1,86.7
2025-07-25 14:45:10.062121,15.9,86.7
2025-07-25 14:45:15.068613,7.6,87.0
2025-07-25 14:45:20.075809,7.4,87.2
2025-07-25 14:45:25.082965,11.9,87.1
2025-07-25 14:45:30.090253,19.5,87.8
2025-07-25 14:48:36.106616,18.6,90.7
2025-07-25 14:48:41.114292,16.1,90.8
2025-07-25 14:48:46.124131,30.5,89.6
2025-07-25 14:48:51.130763,24.3,89.9
2025-07-25 14:48:56.137676,22.4,90.4
2025-07-25 14:49:01.143679,16.7,89.1
2025-07-25 14:49:06.150261,14.5,89.1
2025-07-25 14:49:11.155507,17.6,89.1
2025-07-25 14:49:16.162022,12.6,89.1
2025-07-25 14:49:21.170345,16.7,89.1
2025-07-25 14:49:26.176202,17.5,89.2
2025-07-25 14:49:31.184195,13.9,89.1
2025-07-25 14:49:36.193137,15.8,89.1
2025-07-25 14:49:41.202269,14.5,89.1
2025-07-25 14:49:46.209161,16.4,89.2
2025-07-25 14:49:51.215404,17.8,89.6
2025-07-25 14:49:56.221250,14.3,89.8
2025-07-25 14:50:01.227682,16.2,89.9
2025-07-25 14:50:06.233399,16.2,89.9
2025-07-25 14:50:11.240816,21.1,89.9
2025-07-25 14:50:16.246269,12.5,89.9
2025-07-25 14:50:21.253418,21.3,90.3
2025-07-25 14:50:26.260470,27.9,90.6
2025-07-25 14:50:31.268794,13.4,90.4
2025-07-25 16:58:42.480792,88.2,88.9
2025-07-25 16:58:47.489753,25.3,86.5
2025-07-25 16:58:52.491914,25.3,86.3
2025-07-25 16:58:57.502844,38.5,86.5
2025-07-25 16:59:02.504916,25.9,86.4
2025-07-25 16:59:07.511554,33.3,86.5
2025-07-25 16:59:12.521307,42.3,86.4
2025-07-25 16:59:17.530037,33.8,87.0
2025-07-25 16:59:22.539473,37.3,87.2
2025-07-25 16:59:27.548080,20.7,86.8
2025-07-25 16:59:32.549567,25.8,86.8
2025-07-25 16:59:37.559853,28.1,86.9
2025-07-25 16:59:42.573612,21.3,86.8
2025-07-25 16:59:47.579956,40.6,87.3
2025-07-25 16:59:52.589847,32.6,87.4
2025-07-25 16:59:57.594897,28.5,87.1
2025-07-25 17:00:02.602390,34.3,86.9
2025-07-25 17:00:07.611219,34.5,87.1
2025-07-25 17:00:12.619743,27.3,87.0
2025-07-25 17:00:17.621007,23.8,87.1
2025-07-25 17:00:22.631292,18.5,87.2
2025-07-25 17:00:27.635714,24.4,87.2
2025-07-25 17:00:32.641337,31.2,86.6
2025-07-25 17:00:37.651500,73.8,87.1
